{
  "best_validation_f1": 0.9076130055511499,
  "config": {
    "batch_size": 128,
    "data": "datasets_50k/zenodo_11079764/leakage_safe/zenodo_11079764_leakage_safe.jsonl.gz",
    "device": "auto",
    "embedding_dim": 64,
    "epochs": 30,
    "hidden_dim": 96,
    "learning_rate": 0.001,
    "limit_per_split": 0,
    "max_length": 200,
    "models": "lstm",
    "out_dir": "datasets_50k/zenodo_11079764/results/standard_baselines",
    "patience": 5,
    "seed": 27
  },
  "data": "datasets_50k/zenodo_11079764/leakage_safe/zenodo_11079764_leakage_safe.jsonl.gz",
  "data_sha256": "9babcb98decec842f01344ac25acd148a57a16baa0705c35e7e86d1c82d033d8",
  "epochs_run": 30,
  "feature_or_vocabulary_count": 55,
  "max_length": 200,
  "method": "lstm",
  "parameter_count": 128129,
  "runtime_seconds": 1386.0256976250093,
  "seed": 27,
  "split_counts": {
    "test": 5832,
    "train": 27218,
    "val": 5832
  },
  "test": {
    "accuracy": 0.9214677640603567,
    "auc": 0.9726454954341011,
    "f1": 0.911923076923077,
    "precision": 0.8771735109137995,
    "recall": 0.9495394473368042,
    "threshold": 0.26282159060239785
  },
  "threshold": 0.26282159060239785,
  "validation": {
    "accuracy": 0.9200960219478738,
    "auc": 0.966024236580148,
    "f1": 0.9076130055511499,
    "precision": 0.8987043580683156,
    "recall": 0.9167000400480577,
    "threshold": 0.26282159060239785
  }
}