{
  "baseline": {
    "variant": "Full",
    "accuracy": 0.9631,
    "precision": 0.9743,
    "recall": 0.9512,
    "f1": 0.9626,
    "auc": 0.9935,
    "best_epoch": 27,
    "val_f1": 0.961378011034854,
    "artifact_path": "datasets_50k/quo_vadis/results/rq1_repaired_balanced/full/seed_7"
  },
  "dataset": "Quo Vadis 50,000-record balanced benchmark",
  "seed": 7,
  "split_counts": {
    "train": 35000,
    "val": 7500,
    "test": 7500
  },
  "runs": [
    {
      "variant": "w/o semantic elements",
      "accuracy": 0.9632,
      "precision": 0.9614771519659936,
      "recall": 0.9650666666666666,
      "f1": 0.96326856534469,
      "auc": 0.9937823288888888,
      "delta_f1": 0.0006685653446899538,
      "delta_auc": 0.00028232888888879426,
      "best_epoch": 30,
      "val_f1": 0.9616863316982633,
      "test_predictions": 7500,
      "artifact_path": "datasets_50k/quo_vadis/results/rq3_balanced_ablation/wo_semantic_elements/seed_7"
    },
    {
      "variant": "w/o graph view",
      "accuracy": 0.96,
      "precision": 0.9595098561534363,
      "recall": 0.9605333333333334,
      "f1": 0.9600213219616205,
      "auc": 0.9929428977777777,
      "delta_f1": -0.0025786780383795234,
      "delta_auc": -0.0005571022222222726,
      "best_epoch": 29,
      "val_f1": 0.9599363226319979,
      "test_predictions": 7500,
      "artifact_path": "datasets_50k/quo_vadis/results/rq3_balanced_ablation/wo_graph_view/seed_7"
    },
    {
      "variant": "w/o interleaving prior",
      "runner_variant": "wo_interleaving_prior_in_gating",
      "accuracy": 0.9605333333333334,
      "precision": 0.9834826427771557,
      "recall": 0.9368,
      "f1": 0.9595738869161431,
      "auc": 0.9924435199999999,
      "delta_f1": -0.003026113083856918,
      "delta_auc": -0.0010564800000001373,
      "best_epoch": 11,
      "val_f1": 0.9580724203648244,
      "test_predictions": 7500,
      "artifact_path": "datasets_50k/quo_vadis/results/rq3_balanced_ablation/wo_interleaving_prior_in_gating/seed_7"
    }
  ]
}
