{
  "method": "gpt4_api_bert_cnn",
  "status": "ok",
  "dataset": "quo_vadis",
  "data_path": "datasets_50k/quo_vadis/data/quo_vadis_main_50k.jsonl.gz",
  "split_source": "existing jsonl.gz split field",
  "split_seed": 7,
  "split_counts": {
    "train": 35000,
    "val": 7500,
    "test": 7500
  },
  "description_source": "deepseek",
  "description_cache": "/Users/yanxingchen/Desktop/实验/datasets_50k/artifacts/gpt4_api_bert_cnn/api_descriptions.json",
  "training_api_count": 2730,
  "encoder": "bert",
  "encoder_model": "prajjwal1/bert-tiny",
  "cnn": {
    "max_len": 512,
    "channels": 64,
    "kernels": [
      3,
      5,
      7
    ],
    "dropout": 0.3
  },
  "tasks": {
    "detection": {
      "epochs_run": 15,
      "validation": {
        "accuracy": 0.9558666666666666,
        "precision": 0.9684845163058372,
        "recall": 0.9424,
        "f1": 0.9552642248952561,
        "auc": 0.9925314844444444
      },
      "test": {
        "accuracy": 0.9552,
        "precision": 0.9723298284449363,
        "recall": 0.9370666666666667,
        "f1": 0.9543726235741445,
        "auc": 0.9926256711111111
      }
    },
    "family": {
      "classes": [
        "backdoor",
        "benign",
        "coinminer",
        "dropper",
        "keylogger",
        "ransomware",
        "rat",
        "trojan"
      ],
      "epochs_run": 15,
      "validation": {
        "accuracy": 0.8794666666666666,
        "precision": 0.8158526147227254,
        "recall": 0.7725175249275489,
        "f1": 0.7881044482162779,
        "auc": 0.9837867287462196
      },
      "test": {
        "accuracy": 0.8825333333333333,
        "precision": 0.8244178614405212,
        "recall": 0.7810540960612604,
        "f1": 0.7981811798434472,
        "auc": 0.9849139489818133
      }
    }
  },
  "runtime_seconds": 329.9150459766388
}