{
  "best_validation_f1": 0.7801980198019802,
  "config": {
    "batch_size": 256,
    "data": "datasets_50k/quo_vadis/leakage_safe/quo_vadis_leakage_safe.jsonl.gz",
    "device": "cpu",
    "embedding_dim": 32,
    "epochs": 30,
    "hidden_dim": 64,
    "learning_rate": 0.001,
    "limit_per_split": 0,
    "max_length": 200,
    "models": "transformer",
    "out_dir": "datasets_50k/quo_vadis/results/standard_baselines",
    "patience": 5,
    "seed": 17
  },
  "data": "datasets_50k/quo_vadis/leakage_safe/quo_vadis_leakage_safe.jsonl.gz",
  "data_sha256": "ea8d8837ad58e5d14e88cd01fbdf1c26e9f756986b43466eee94c9ba63780a22",
  "epochs_run": 30,
  "feature_or_vocabulary_count": 2406,
  "max_length": 200,
  "method": "transformer",
  "parameter_count": 102433,
  "runtime_seconds": 340.6076287080068,
  "seed": 17,
  "split_counts": {
    "test": 995,
    "train": 4647,
    "val": 994
  },
  "test": {
    "accuracy": 0.8753768844221106,
    "auc": 0.9123896203257993,
    "f1": 0.752,
    "precision": 0.7642276422764228,
    "recall": 0.7401574803149606,
    "threshold": 0.20470394372940065
  },
  "threshold": 0.20470394372940065,
  "validation": {
    "accuracy": 0.8883299798792756,
    "auc": 0.9165746534167587,
    "f1": 0.7801980198019802,
    "precision": 0.7817460317460317,
    "recall": 0.7786561264822134,
    "threshold": 0.20470394372940065
  }
}