{
  "best_validation_f1": 0.7718738930216082,
  "config": {
    "batch_size": 128,
    "data": "datasets_50k/zenodo_11079764/leakage_safe/zenodo_11079764_leakage_safe.jsonl.gz",
    "device": "auto",
    "embedding_dim": 64,
    "epochs": 30,
    "hidden_dim": 96,
    "learning_rate": 0.001,
    "limit_per_split": 0,
    "max_length": 200,
    "models": "api_frequency_lr,api_frequency_rf,api_ngram_lr,api_ngram_svm",
    "out_dir": "datasets_50k/zenodo_11079764/results/standard_baselines",
    "patience": 5,
    "seed": 7
  },
  "data": "datasets_50k/zenodo_11079764/leakage_safe/zenodo_11079764_leakage_safe.jsonl.gz",
  "data_sha256": "9babcb98decec842f01344ac25acd148a57a16baa0705c35e7e86d1c82d033d8",
  "epochs_run": null,
  "feature_or_vocabulary_count": 53,
  "max_length": 200,
  "method": "api_frequency_lr",
  "parameter_count": 54,
  "runtime_seconds": 3.8918117500143126,
  "seed": 7,
  "split_counts": {
    "test": 5832,
    "train": 27218,
    "val": 5832
  },
  "test": {
    "accuracy": 0.7659465020576132,
    "auc": 0.8647686969490825,
    "f1": 0.7642894146088759,
    "precision": 0.6718275652701883,
    "recall": 0.8862635162194633,
    "threshold": 0.30376647670400164
  },
  "threshold": 0.30376647670400164,
  "validation": {
    "accuracy": 0.7791495198902606,
    "auc": 0.8627407761877972,
    "f1": 0.7718738930216082,
    "precision": 0.6919657033979041,
    "recall": 0.8726471766119344,
    "threshold": 0.30376647670400164
  }
}