{
  "best_validation_f1": 0.8455598455598455,
  "config": {
    "batch_size": 128,
    "data": "datasets_50k/quo_vadis/leakage_safe/quo_vadis_leakage_safe.jsonl.gz",
    "device": "auto",
    "embedding_dim": 64,
    "epochs": 30,
    "hidden_dim": 96,
    "learning_rate": 0.001,
    "limit_per_split": 0,
    "max_length": 5000,
    "models": "api_frequency_lr,api_frequency_rf,api_ngram_lr,api_ngram_svm",
    "out_dir": "datasets_50k/quo_vadis/results/standard_baselines",
    "patience": 5,
    "seed": 17
  },
  "data": "datasets_50k/quo_vadis/leakage_safe/quo_vadis_leakage_safe.jsonl.gz",
  "data_sha256": "ea8d8837ad58e5d14e88cd01fbdf1c26e9f756986b43466eee94c9ba63780a22",
  "epochs_run": null,
  "feature_or_vocabulary_count": 2665,
  "max_length": 5000,
  "method": "api_frequency_rf",
  "parameter_count": null,
  "runtime_seconds": 1.3581494160171133,
  "seed": 17,
  "split_counts": {
    "test": 995,
    "train": 4647,
    "val": 994
  },
  "test": {
    "accuracy": 0.9095477386934674,
    "auc": 0.9486276260001913,
    "f1": 0.8178137651821862,
    "precision": 0.8416666666666667,
    "recall": 0.7952755905511811,
    "threshold": 0.39850000000000024
  },
  "threshold": 0.39850000000000024,
  "validation": {
    "accuracy": 0.9195171026156942,
    "auc": 0.9574338704773486,
    "f1": 0.8455598455598455,
    "precision": 0.8264150943396227,
    "recall": 0.8656126482213439,
    "threshold": 0.39850000000000024
  }
}