{
  "best_validation_f1": 0.7661469933184856,
  "config": {
    "batch_size": 256,
    "data": "datasets_50k/quo_vadis/leakage_safe/quo_vadis_leakage_safe.jsonl.gz",
    "device": "auto",
    "embedding_dim": 32,
    "epochs": 30,
    "hidden_dim": 64,
    "learning_rate": 0.001,
    "limit_per_split": 0,
    "max_length": 200,
    "models": "lstm",
    "out_dir": "datasets_50k/quo_vadis/results/standard_baselines",
    "patience": 5,
    "seed": 7
  },
  "data": "datasets_50k/quo_vadis/leakage_safe/quo_vadis_leakage_safe.jsonl.gz",
  "data_sha256": "ea8d8837ad58e5d14e88cd01fbdf1c26e9f756986b43466eee94c9ba63780a22",
  "epochs_run": 12,
  "feature_or_vocabulary_count": 2406,
  "max_length": 200,
  "method": "lstm",
  "parameter_count": 127297,
  "runtime_seconds": 226.6243477500102,
  "seed": 7,
  "split_counts": {
    "test": 995,
    "train": 4647,
    "val": 994
  },
  "test": {
    "accuracy": 0.8723618090452261,
    "auc": 0.8871762993188606,
    "f1": 0.702576112412178,
    "precision": 0.8670520231213873,
    "recall": 0.5905511811023622,
    "threshold": 0.48588464319705976
  },
  "threshold": 0.48588464319705976,
  "validation": {
    "accuracy": 0.8943661971830986,
    "auc": 0.891848426173369,
    "f1": 0.7661469933184856,
    "precision": 0.8775510204081632,
    "recall": 0.6798418972332015,
    "threshold": 0.48588464319705976
  }
}