{
  "dataset": "quo_vadis",
  "c0": {
    "count": 112520,
    "mean": 0.516062648193775,
    "median": 0.524475485086441,
    "q1": 0.3806782439351082,
    "q3": 0.6569879055023193,
    "iqr": 0.27630966156721115
  },
  "c1": {
    "count": 87762,
    "mean": 0.6426127524719408,
    "median": 0.6871158182621002,
    "q1": 0.5289278030395508,
    "q3": 0.7511397898197174,
    "iqr": 0.22221198678016663
  },
  "groups_with_both": 861,
  "group_median_difference": 0.15137210488319397,
  "group_mean_difference_for_test": 0.15194693931165335,
  "bootstrap_95_ci": [
    0.14880886673927307,
    0.154607355594635
  ],
  "paired_sign_permutation_p_value": 9.999000099990002e-05,
  "matched_pairs_rank_biserial": 0.9790940766550522,
  "iterations": 10000,
  "seed": 7
}