{
  "runs": 1,
  "groups": [
    {
      "variant": "full",
      "accuracy_mean": 0.9405333333333333,
      "accuracy_std": 0.0,
      "precision_mean": 0.9345081536033667,
      "precision_std": 0.0,
      "recall_mean": 0.9474666666666667,
      "recall_std": 0.0,
      "f1_mean": 0.9409427966101694,
      "f1_std": 0.0,
      "auc_mean": 0.97907456,
      "auc_std": 0.0,
      "seeds": [
        7
      ]
    }
  ]
}