{
  "best_validation_f1": 0.9185720016044926,
  "config": {
    "batch_size": 128,
    "data": "datasets_50k/zenodo_11079764/leakage_safe/zenodo_11079764_leakage_safe.jsonl.gz",
    "device": "auto",
    "embedding_dim": 64,
    "epochs": 30,
    "hidden_dim": 96,
    "learning_rate": 0.001,
    "limit_per_split": 0,
    "max_length": 200,
    "models": "api_frequency_lr,api_frequency_rf,api_ngram_lr,api_ngram_svm",
    "out_dir": "datasets_50k/zenodo_11079764/results/standard_baselines",
    "patience": 5,
    "seed": 7
  },
  "data": "datasets_50k/zenodo_11079764/leakage_safe/zenodo_11079764_leakage_safe.jsonl.gz",
  "data_sha256": "9babcb98decec842f01344ac25acd148a57a16baa0705c35e7e86d1c82d033d8",
  "epochs_run": null,
  "feature_or_vocabulary_count": 53,
  "max_length": 200,
  "method": "api_frequency_rf",
  "parameter_count": null,
  "runtime_seconds": 6.446494083997095,
  "seed": 7,
  "split_counts": {
    "test": 5832,
    "train": 27218,
    "val": 5832
  },
  "test": {
    "accuracy": 0.9329561042524005,
    "auc": 0.9822462217029251,
    "f1": 0.9240924092409241,
    "precision": 0.8967596081386586,
    "recall": 0.9531437725270324,
    "threshold": 0.4575
  },
  "threshold": 0.4575,
  "validation": {
    "accuracy": 0.9303840877914952,
    "auc": 0.9735759673227062,
    "f1": 0.9185720016044926,
    "precision": 0.920048212133387,
    "recall": 0.9171005206247497,
    "threshold": 0.4575
  }
}