{
  "best_validation_f1": 0.7754237288135594,
  "config": {
    "batch_size": 256,
    "data": "datasets_50k/quo_vadis/leakage_safe/quo_vadis_leakage_safe.jsonl.gz",
    "device": "cpu",
    "embedding_dim": 32,
    "epochs": 30,
    "hidden_dim": 64,
    "learning_rate": 0.001,
    "limit_per_split": 0,
    "max_length": 200,
    "models": "lstm",
    "out_dir": "datasets_50k/quo_vadis/results/standard_baselines",
    "patience": 5,
    "seed": 27
  },
  "data": "datasets_50k/quo_vadis/leakage_safe/quo_vadis_leakage_safe.jsonl.gz",
  "data_sha256": "ea8d8837ad58e5d14e88cd01fbdf1c26e9f756986b43466eee94c9ba63780a22",
  "epochs_run": 27,
  "feature_or_vocabulary_count": 2406,
  "max_length": 200,
  "method": "lstm",
  "parameter_count": 127297,
  "runtime_seconds": 540.0504697079887,
  "seed": 27,
  "split_counts": {
    "test": 995,
    "train": 4647,
    "val": 994
  },
  "test": {
    "accuracy": 0.8884422110552764,
    "auc": 0.9063565940897064,
    "f1": 0.7471526195899773,
    "precision": 0.8864864864864865,
    "recall": 0.6456692913385826,
    "threshold": 0.5109935629367831
  },
  "threshold": 0.5109935629367831,
  "validation": {
    "accuracy": 0.8933601609657947,
    "auc": 0.9023699412715431,
    "f1": 0.7754237288135594,
    "precision": 0.8356164383561644,
    "recall": 0.7233201581027668,
    "threshold": 0.5109935629367831
  }
}