{
  "best_validation_f1": 0.8466019417475729,
  "config": {
    "batch_size": 128,
    "data": "datasets_50k/quo_vadis/leakage_safe/quo_vadis_leakage_safe.jsonl.gz",
    "device": "auto",
    "embedding_dim": 64,
    "epochs": 30,
    "hidden_dim": 96,
    "learning_rate": 0.001,
    "limit_per_split": 0,
    "max_length": 5000,
    "models": "api_frequency_lr,api_frequency_rf,api_ngram_lr,api_ngram_svm",
    "out_dir": "datasets_50k/quo_vadis/results/standard_baselines",
    "patience": 5,
    "seed": 7
  },
  "data": "datasets_50k/quo_vadis/leakage_safe/quo_vadis_leakage_safe.jsonl.gz",
  "data_sha256": "ea8d8837ad58e5d14e88cd01fbdf1c26e9f756986b43466eee94c9ba63780a22",
  "epochs_run": null,
  "feature_or_vocabulary_count": 2665,
  "max_length": 5000,
  "method": "api_frequency_rf",
  "parameter_count": null,
  "runtime_seconds": 1.302627458004281,
  "seed": 7,
  "split_counts": {
    "test": 995,
    "train": 4647,
    "val": 994
  },
  "test": {
    "accuracy": 0.914572864321608,
    "auc": 0.9484177585089313,
    "f1": 0.8268839103869654,
    "precision": 0.8565400843881856,
    "recall": 0.7992125984251969,
    "threshold": 0.4056794076365556
  },
  "threshold": 0.4056794076365556,
  "validation": {
    "accuracy": 0.920523138832998,
    "auc": 0.9572498439775327,
    "f1": 0.8466019417475729,
    "precision": 0.8320610687022901,
    "recall": 0.8616600790513834,
    "threshold": 0.4056794076365556
  }
}