{
  "best_validation_f1": 0.7280163599182005,
  "config": {
    "batch_size": 256,
    "data": "datasets_50k/quo_vadis/leakage_safe/quo_vadis_leakage_safe.jsonl.gz",
    "device": "cpu",
    "embedding_dim": 32,
    "epochs": 30,
    "hidden_dim": 64,
    "learning_rate": 0.001,
    "limit_per_split": 0,
    "max_length": 200,
    "models": "lstm",
    "out_dir": "datasets_50k/quo_vadis/results/standard_baselines",
    "patience": 5,
    "seed": 17
  },
  "data": "datasets_50k/quo_vadis/leakage_safe/quo_vadis_leakage_safe.jsonl.gz",
  "data_sha256": "ea8d8837ad58e5d14e88cd01fbdf1c26e9f756986b43466eee94c9ba63780a22",
  "epochs_run": 9,
  "feature_or_vocabulary_count": 2406,
  "max_length": 200,
  "method": "lstm",
  "parameter_count": 127297,
  "runtime_seconds": 186.35716858299566,
  "seed": 17,
  "split_counts": {
    "test": 995,
    "train": 4647,
    "val": 994
  },
  "test": {
    "accuracy": 0.8442211055276382,
    "auc": 0.8678047329104104,
    "f1": 0.6918489065606361,
    "precision": 0.6987951807228916,
    "recall": 0.6850393700787402,
    "threshold": 0.30044386088848135
  },
  "threshold": 0.30044386088848135,
  "validation": {
    "accuracy": 0.8661971830985915,
    "auc": 0.8705866978178192,
    "f1": 0.7280163599182005,
    "precision": 0.7542372881355932,
    "recall": 0.7035573122529645,
    "threshold": 0.30044386088848135
  }
}