{
  "best_validation_f1": 0.8467432950191571,
  "config": {
    "batch_size": 128,
    "data": "datasets_50k/quo_vadis/leakage_safe/quo_vadis_leakage_safe.jsonl.gz",
    "device": "auto",
    "embedding_dim": 64,
    "epochs": 30,
    "hidden_dim": 96,
    "learning_rate": 0.001,
    "limit_per_split": 0,
    "max_length": 5000,
    "models": "api_frequency_lr,api_frequency_rf,api_ngram_lr,api_ngram_svm",
    "out_dir": "datasets_50k/quo_vadis/results/standard_baselines",
    "patience": 5,
    "seed": 27
  },
  "data": "datasets_50k/quo_vadis/leakage_safe/quo_vadis_leakage_safe.jsonl.gz",
  "data_sha256": "ea8d8837ad58e5d14e88cd01fbdf1c26e9f756986b43466eee94c9ba63780a22",
  "epochs_run": null,
  "feature_or_vocabulary_count": 2665,
  "max_length": 5000,
  "method": "api_frequency_rf",
  "parameter_count": null,
  "runtime_seconds": 1.2340677500178572,
  "seed": 27,
  "split_counts": {
    "test": 995,
    "train": 4647,
    "val": 994
  },
  "test": {
    "accuracy": 0.9095477386934674,
    "auc": 0.9489676644670427,
    "f1": 0.8185483870967742,
    "precision": 0.8388429752066116,
    "recall": 0.7992125984251969,
    "threshold": 0.37972500000000026
  },
  "threshold": 0.37972500000000026,
  "validation": {
    "accuracy": 0.9195171026156942,
    "auc": 0.9558416411963323,
    "f1": 0.8467432950191571,
    "precision": 0.8215613382899628,
    "recall": 0.8735177865612648,
    "threshold": 0.37972500000000026
  }
}