{
  "best_validation_f1": 0.8316831683168316,
  "config": {
    "batch_size": 128,
    "data": "datasets_50k/quo_vadis/leakage_safe/quo_vadis_leakage_safe.jsonl.gz",
    "device": "auto",
    "embedding_dim": 64,
    "epochs": 30,
    "hidden_dim": 96,
    "learning_rate": 0.001,
    "limit_per_split": 0,
    "max_length": 5000,
    "models": "api_frequency_lr,api_frequency_rf,api_ngram_lr,api_ngram_svm",
    "out_dir": "datasets_50k/quo_vadis/results/standard_baselines",
    "patience": 5,
    "seed": 17
  },
  "data": "datasets_50k/quo_vadis/leakage_safe/quo_vadis_leakage_safe.jsonl.gz",
  "data_sha256": "ea8d8837ad58e5d14e88cd01fbdf1c26e9f756986b43466eee94c9ba63780a22",
  "epochs_run": null,
  "feature_or_vocabulary_count": 26961,
  "max_length": 5000,
  "method": "api_ngram_svm",
  "parameter_count": 26962,
  "runtime_seconds": 1.4266969170130324,
  "seed": 17,
  "split_counts": {
    "test": 995,
    "train": 4647,
    "val": 994
  },
  "test": {
    "accuracy": 0.9105527638190954,
    "auc": 0.9558932916786211,
    "f1": 0.8230616302186878,
    "precision": 0.8313253012048193,
    "recall": 0.8149606299212598,
    "threshold": 0.5069863419400849
  },
  "threshold": 0.5069863419400849,
  "validation": {
    "accuracy": 0.9144869215291751,
    "auc": 0.9575725571148913,
    "f1": 0.8316831683168316,
    "precision": 0.8333333333333334,
    "recall": 0.8300395256916996,
    "threshold": 0.5069863419400849
  }
}