{
  "best_validation_f1": 0.7956989247311828,
  "config": {
    "batch_size": 128,
    "data": "datasets_50k/quo_vadis/leakage_safe/quo_vadis_leakage_safe.jsonl.gz",
    "device": "auto",
    "embedding_dim": 64,
    "epochs": 30,
    "hidden_dim": 96,
    "learning_rate": 0.001,
    "limit_per_split": 0,
    "max_length": 5000,
    "models": "api_frequency_lr,api_frequency_rf,api_ngram_lr,api_ngram_svm",
    "out_dir": "datasets_50k/quo_vadis/results/standard_baselines",
    "patience": 5,
    "seed": 17
  },
  "data": "datasets_50k/quo_vadis/leakage_safe/quo_vadis_leakage_safe.jsonl.gz",
  "data_sha256": "ea8d8837ad58e5d14e88cd01fbdf1c26e9f756986b43466eee94c9ba63780a22",
  "epochs_run": null,
  "feature_or_vocabulary_count": 2665,
  "max_length": 5000,
  "method": "api_frequency_lr",
  "parameter_count": 2666,
  "runtime_seconds": 1.426678334013559,
  "seed": 17,
  "split_counts": {
    "test": 995,
    "train": 4647,
    "val": 994
  },
  "test": {
    "accuracy": 0.9005025125628141,
    "auc": 0.9066461580966347,
    "f1": 0.7824175824175824,
    "precision": 0.8855721393034826,
    "recall": 0.7007874015748031,
    "threshold": 0.5617039573488667
  },
  "threshold": 0.5617039573488667,
  "validation": {
    "accuracy": 0.9044265593561368,
    "auc": 0.9200578216596524,
    "f1": 0.7956989247311828,
    "precision": 0.8726415094339622,
    "recall": 0.7312252964426877,
    "threshold": 0.5617039573488667
  }
}