{
  "best_validation_f1": 0.7804878048780488,
  "config": {
    "batch_size": 256,
    "data": "datasets_50k/quo_vadis/leakage_safe/quo_vadis_leakage_safe.jsonl.gz",
    "device": "cpu",
    "embedding_dim": 32,
    "epochs": 30,
    "hidden_dim": 64,
    "learning_rate": 0.001,
    "limit_per_split": 0,
    "max_length": 200,
    "models": "transformer",
    "out_dir": "datasets_50k/quo_vadis/results/standard_baselines",
    "patience": 5,
    "seed": 27
  },
  "data": "datasets_50k/quo_vadis/leakage_safe/quo_vadis_leakage_safe.jsonl.gz",
  "data_sha256": "ea8d8837ad58e5d14e88cd01fbdf1c26e9f756986b43466eee94c9ba63780a22",
  "epochs_run": 22,
  "feature_or_vocabulary_count": 2406,
  "max_length": 200,
  "method": "transformer",
  "parameter_count": 102433,
  "runtime_seconds": 245.01017795898952,
  "seed": 27,
  "split_counts": {
    "test": 995,
    "train": 4647,
    "val": 994
  },
  "test": {
    "accuracy": 0.8743718592964824,
    "auc": 0.9078628582358379,
    "f1": 0.7334754797441365,
    "precision": 0.8,
    "recall": 0.6771653543307087,
    "threshold": 0.46718832612037664
  },
  "threshold": 0.46718832612037664,
  "validation": {
    "accuracy": 0.8913480885311871,
    "auc": 0.9090562374315236,
    "f1": 0.7804878048780488,
    "precision": 0.803347280334728,
    "recall": 0.758893280632411,
    "threshold": 0.46718832612037664
  }
}