{
  "runs": 1,
  "groups": [
    {
      "variant": "full",
      "accuracy_mean": 0.8864321608040201,
      "accuracy_std": 0.0,
      "precision_mean": 0.8507462686567164,
      "precision_std": 0.0,
      "recall_mean": 0.6732283464566929,
      "recall_std": 0.0,
      "f1_mean": 0.7516483516483516,
      "f1_std": 0.0,
      "auc_mean": 0.9248940036341611,
      "auc_std": 0.0,
      "seeds": [
        27
      ]
    }
  ]
}