{
  "dataset": "quo_vadis",
  "samples": 995,
  "groups": 995,
  "full_f1": 0.6907630522088354,
  "baseline_f1": 0.8230616302186878,
  "delta_f1": -0.13229857800985245,
  "bootstrap_95_ci": [
    -0.1777529519927654,
    -0.08703732350583432
  ],
  "paired_randomization_p_value": 9.999000099990002e-05,
  "iterations": 10000,
  "seed": 27
}