{
  "runs": 2,
  "groups": [
    {
      "variant": "full",
      "accuracy_mean": 0.8502512562814071,
      "accuracy_std": 0.00502512562814067,
      "precision_mean": 0.734670554854981,
      "precision_std": 0.02975252206809581,
      "recall_mean": 0.6515748031496063,
      "recall_std": 0.025590551181102372,
      "f1_mean": 0.6895373702602619,
      "f1_std": 0.0012256819485735315,
      "auc_mean": 0.8640350877192983,
      "auc_std": 0.0033924150169487577,
      "seeds": [
        17,
        27
      ]
    }
  ]
}