{
  "dataset": "quo_vadis",
  "c0": {
    "count": 54894,
    "mean": 0.00031920800825505774,
    "median": 9.633136869524606e-06,
    "q1": 1.0033519401986268e-06,
    "q3": 0.00016139307990670204,
    "iqr": 0.00016038972796650341
  },
  "c1": {
    "count": 6936,
    "mean": 0.9973952850324748,
    "median": 0.9994763731956482,
    "q1": 0.9979331493377686,
    "q3": 0.9999566078186035,
    "iqr": 0.002023458480834961
  },
  "groups_with_both": 543,
  "group_median_difference": 0.9997065861743977,
  "group_mean_difference_for_test": 0.9993760574019392,
  "bootstrap_95_ci": [
    0.9996927385727759,
    0.9997065861743977
  ],
  "paired_sign_permutation_p_value": 9.999000099990002e-05,
  "matched_pairs_rank_biserial": 1.0,
  "iterations": 10000,
  "seed": 7
}