{
  "best_validation_f1": 0.7916666666666666,
  "config": {
    "batch_size": 256,
    "data": "datasets_50k/quo_vadis/leakage_safe/quo_vadis_leakage_safe.jsonl.gz",
    "device": "cpu",
    "embedding_dim": 32,
    "epochs": 30,
    "hidden_dim": 64,
    "learning_rate": 0.001,
    "limit_per_split": 0,
    "max_length": 200,
    "models": "gru",
    "out_dir": "datasets_50k/quo_vadis/results/standard_baselines",
    "patience": 5,
    "seed": 27
  },
  "data": "datasets_50k/quo_vadis/leakage_safe/quo_vadis_leakage_safe.jsonl.gz",
  "data_sha256": "ea8d8837ad58e5d14e88cd01fbdf1c26e9f756986b43466eee94c9ba63780a22",
  "epochs_run": 30,
  "feature_or_vocabulary_count": 2406,
  "max_length": 200,
  "method": "gru",
  "parameter_count": 114753,
  "runtime_seconds": 439.09988754199003,
  "seed": 27,
  "split_counts": {
    "test": 995,
    "train": 4647,
    "val": 994
  },
  "test": {
    "accuracy": 0.8864321608040201,
    "auc": 0.895193768795095,
    "f1": 0.7472035794183445,
    "precision": 0.8652849740932642,
    "recall": 0.65748031496063,
    "threshold": 0.43585970997810364
  },
  "threshold": 0.43585970997810364,
  "validation": {
    "accuracy": 0.8993963782696177,
    "auc": 0.9121633515226191,
    "f1": 0.7916666666666666,
    "precision": 0.8370044052863436,
    "recall": 0.7509881422924901,
    "threshold": 0.43585970997810364
  }
}